"Kod";"Nazwa";"sektor rolniczy;ogółem;wartość liczbowa;2021;[%]";"sektor rolniczy;ogółem;wartość liczbowa;2022;[%]";"sektor rolniczy;ogółem;wartość liczbowa;2023;[%]";"sektor rolniczy;ogółem;wartość liczbowa;2024;[%]";"sektor rolniczy;ogółem;wartość liczbowa;2025;[%]";"sektor rolniczy;ogółem;wskaźnik precyzji;2021;[%]";"sektor rolniczy;ogółem;wskaźnik precyzji;2022;[%]";"sektor rolniczy;ogółem;wskaźnik precyzji;2023;[%]";"sektor rolniczy;ogółem;wskaźnik precyzji;2024;[%]";"sektor rolniczy;ogółem;wskaźnik precyzji;2025;[%]";"sektor rolniczy;mężczyźni;wartość liczbowa;2021;[%]";"sektor rolniczy;mężczyźni;wartość liczbowa;2022;[%]";"sektor rolniczy;mężczyźni;wartość liczbowa;2023;[%]";"sektor rolniczy;mężczyźni;wartość liczbowa;2024;[%]";"sektor rolniczy;mężczyźni;wartość liczbowa;2025;[%]";"sektor rolniczy;mężczyźni;wskaźnik precyzji;2021;[%]";"sektor rolniczy;mężczyźni;wskaźnik precyzji;2022;[%]";"sektor rolniczy;mężczyźni;wskaźnik precyzji;2023;[%]";"sektor rolniczy;mężczyźni;wskaźnik precyzji;2024;[%]";"sektor rolniczy;mężczyźni;wskaźnik precyzji;2025;[%]";"sektor rolniczy;kobiety;wartość liczbowa;2021;[%]";"sektor rolniczy;kobiety;wartość liczbowa;2022;[%]";"sektor rolniczy;kobiety;wartość liczbowa;2023;[%]";"sektor rolniczy;kobiety;wartość liczbowa;2024;[%]";"sektor rolniczy;kobiety;wartość liczbowa;2025;[%]";"sektor rolniczy;kobiety;wskaźnik precyzji;2021;[%]";"sektor rolniczy;kobiety;wskaźnik precyzji;2022;[%]";"sektor rolniczy;kobiety;wskaźnik precyzji;2023;[%]";"sektor rolniczy;kobiety;wskaźnik precyzji;2024;[%]";"sektor rolniczy;kobiety;wskaźnik precyzji;2025;[%]";"sektor przemysłowy;ogółem;wartość liczbowa;2021;[%]";"sektor przemysłowy;ogółem;wartość liczbowa;2022;[%]";"sektor przemysłowy;ogółem;wartość liczbowa;2023;[%]";"sektor przemysłowy;ogółem;wartość liczbowa;2024;[%]";"sektor przemysłowy;ogółem;wartość liczbowa;2025;[%]";"sektor przemysłowy;ogółem;wskaźnik precyzji;2021;[%]";"sektor przemysłowy;ogółem;wskaźnik precyzji;2022;[%]";"sektor przemysłowy;ogółem;wskaźnik precyzji;2023;[%]";"sektor przemysłowy;ogółem;wskaźnik precyzji;2024;[%]";"sektor przemysłowy;ogółem;wskaźnik precyzji;2025;[%]";"sektor przemysłowy;mężczyźni;wartość liczbowa;2021;[%]";"sektor przemysłowy;mężczyźni;wartość liczbowa;2022;[%]";"sektor przemysłowy;mężczyźni;wartość liczbowa;2023;[%]";"sektor przemysłowy;mężczyźni;wartość liczbowa;2024;[%]";"sektor przemysłowy;mężczyźni;wartość liczbowa;2025;[%]";"sektor przemysłowy;mężczyźni;wskaźnik precyzji;2021;[%]";"sektor przemysłowy;mężczyźni;wskaźnik precyzji;2022;[%]";"sektor przemysłowy;mężczyźni;wskaźnik precyzji;2023;[%]";"sektor przemysłowy;mężczyźni;wskaźnik precyzji;2024;[%]";"sektor przemysłowy;mężczyźni;wskaźnik precyzji;2025;[%]";"sektor przemysłowy;kobiety;wartość liczbowa;2021;[%]";"sektor przemysłowy;kobiety;wartość liczbowa;2022;[%]";"sektor przemysłowy;kobiety;wartość liczbowa;2023;[%]";"sektor przemysłowy;kobiety;wartość liczbowa;2024;[%]";"sektor przemysłowy;kobiety;wartość liczbowa;2025;[%]";"sektor przemysłowy;kobiety;wskaźnik precyzji;2021;[%]";"sektor przemysłowy;kobiety;wskaźnik precyzji;2022;[%]";"sektor przemysłowy;kobiety;wskaźnik precyzji;2023;[%]";"sektor przemysłowy;kobiety;wskaźnik precyzji;2024;[%]";"sektor przemysłowy;kobiety;wskaźnik precyzji;2025;[%]";"sektor usługowy;ogółem;wartość liczbowa;2021;[%]";"sektor usługowy;ogółem;wartość liczbowa;2022;[%]";"sektor usługowy;ogółem;wartość liczbowa;2023;[%]";"sektor usługowy;ogółem;wartość liczbowa;2024;[%]";"sektor usługowy;ogółem;wartość liczbowa;2025;[%]";"sektor usługowy;ogółem;wskaźnik precyzji;2021;[%]";"sektor usługowy;ogółem;wskaźnik precyzji;2022;[%]";"sektor usługowy;ogółem;wskaźnik precyzji;2023;[%]";"sektor usługowy;ogółem;wskaźnik precyzji;2024;[%]";"sektor usługowy;ogółem;wskaźnik precyzji;2025;[%]";"sektor usługowy;mężczyźni;wartość liczbowa;2021;[%]";"sektor usługowy;mężczyźni;wartość liczbowa;2022;[%]";"sektor usługowy;mężczyźni;wartość liczbowa;2023;[%]";"sektor usługowy;mężczyźni;wartość liczbowa;2024;[%]";"sektor usługowy;mężczyźni;wartość liczbowa;2025;[%]";"sektor usługowy;mężczyźni;wskaźnik precyzji;2021;[%]";"sektor usługowy;mężczyźni;wskaźnik precyzji;2022;[%]";"sektor usługowy;mężczyźni;wskaźnik precyzji;2023;[%]";"sektor usługowy;mężczyźni;wskaźnik precyzji;2024;[%]";"sektor usługowy;mężczyźni;wskaźnik precyzji;2025;[%]";"sektor usługowy;kobiety;wartość liczbowa;2021;[%]";"sektor usługowy;kobiety;wartość liczbowa;2022;[%]";"sektor usługowy;kobiety;wartość liczbowa;2023;[%]";"sektor usługowy;kobiety;wartość liczbowa;2024;[%]";"sektor usługowy;kobiety;wartość liczbowa;2025;[%]";"sektor usługowy;kobiety;wskaźnik precyzji;2021;[%]";"sektor usługowy;kobiety;wskaźnik precyzji;2022;[%]";"sektor usługowy;kobiety;wskaźnik precyzji;2023;[%]";"sektor usługowy;kobiety;wskaźnik precyzji;2024;[%]";"sektor usługowy;kobiety;wskaźnik precyzji;2025;[%]";
0000000;"POLSKA";8,1;8,0;7,6;6,5;6,2;3,3;5,6;5,0;4,1;2,2;9,2;9,0;8,9;7,7;7,5;3,8;6,0;5,9;5,4;2,3;6,8;6,7;6,1;5,1;4,7;4,5;5,2;5,8;4,8;3,0;30,8;30,7;29,6;30,2;30,4;1,4;2,5;2,2;1,3;0,8;42,3;42,6;40,7;41,5;41,9;1,4;2,4;2,7;1,3;0,8;16,8;16,5;16,6;17,0;17,0;5,2;3,3;2,8;2,7;1,6;61,1;61,4;62,8;63,3;63,4;0,8;0,9;0,7;0,6;0,4;48,4;48,4;50,4;50,8;50,6;1,3;1,4;1,5;1,1;0,6;76,4;76,8;77,3;78,0;78,3;1,2;0,7;0,7;0,6;0,4;
0200000;"DOLNOŚLĄSKIE";4,7;4,9;4,3;3,3;2,9;26,9;26,6;23,2;23,7;12,6;6,3;6,3;5,2;4,0;4,0;23,2;26,5;28,9;25,2;13,1;2,8;3,1;3,2;2,5;0,0;60,5;43,7;31,6;37,9;0,0;30,6;32,7;31,5;33,1;33,4;5,6;5,4;6,4;5,2;2,8;41,4;44,3;40,9;43,6;43,8;6,2;9,0;8,4;5,1;3,1;17,9;18,5;20,9;20,9;21,4;11,0;14,2;14,3;13,5;5,4;64,7;62,5;64,2;63,6;63,7;2,7;3,1;3,0;2,8;1,5;52,3;49,4;53,9;52,4;52,1;5,0;7,9;5,1;4,8;2,6;79,3;78,4;76,0;76,5;77,1;2,6;3,3;3,5;3,5;1,6;
0400000;"KUJAWSKO-POMORSKIE";12,4;12,2;11,3;8,8;9,3;14,4;13,0;17,0;17,5;7,8;13,4;13,4;13,8;9,8;10,5;17,2;16,5;18,3;22,1;8,8;11,1;10,5;8,3;7,7;7,9;20,0;17,3;20,8;17,8;9,9;30,4;30,3;29,5;30,5;30,9;5,8;7,3;10,1;6,8;3,0;40,7;42,0;40,1;41,6;42,7;6,8;8,0;7,8;5,9;3,1;17,6;16,3;16,9;17,0;17,0;9,3;19,0;20,5;16,3;6,3;57,3;57,5;59,2;60,7;59,8;3,3;3,6;4,7;3,0;1,7;45,8;44,6;46,1;48,6;46,8;4,9;6,5;5,9;5,3;2,7;71,3;73,2;74,8;75,3;75,1;3,0;3,6;5,5;3,6;1,7;
0600000;"LUBELSKIE";19,9;20,3;20,0;15,0;13,9;10,5;8,2;9,0;11,1;6,3;21,3;21,6;21,7;16,8;16,0;11,9;8,9;11,1;12,8;6,7;18,2;18,7;17,8;12,7;11,6;11,8;11,5;11,3;13,3;8,2;24,3;24,3;22,8;24,8;24,5;7,2;6,0;8,6;6,7;3,7;35,4;36,2;33,8;35,7;35,5;7,2;6,5;11,9;6,5;3,6;10,6;10,2;9,5;12,0;11,6;15,0;21,1;13,4;12,5;8,9;55,8;55,4;57,2;60,1;61,6;3,2;3,5;2,8;2,5;1,8;43,3;42,2;44,5;47,5;48,7;4,3;6,4;5,6;4,4;2,7;71,1;71,1;72,6;75,3;76,9;3,6;4,3;2,9;2,6;1,8;
0800000;"LUBUSKIE";3,9;3,9;3,4;3,7;3,4;30,3;20,2;28,6;19,3;12,9;4,5;4,0;0,0;4,1;4,2;30,0;30,4;0,0;23,3;12,6;0,0;0,0;0,0;0,0;0,0;0,0;0,0;0,0;0,0;0,0;33,3;34,8;32,7;31,4;32,0;5,9;5,8;6,6;7,9;3,0;44,3;46,4;44,6;43,2;43,5;7,1;7,0;9,3;4,9;3,2;19,2;19,7;17,8;16,5;17,9;11,8;15,7;10,6;24,4;5,6;62,8;61,4;63,9;65,0;64,8;2,6;3,0;4,1;3,6;1,5;51,2;49,6;51,8;52,7;52,3;5,6;5,1;8,4;4,3;2,6;77,2;76,7;79,2;80,4;79,6;3,2;4,0;2,6;5,3;1,3;
1000000;"ŁÓDZKIE";9,2;9,5;9,1;8,3;8,4;13,3;19,9;22,5;21,4;8,0;9,3;10,6;10,7;9,8;9,9;16,8;21,0;21,2;23,1;8,2;9,0;8,4;7,2;6,5;6,6;15,1;21,9;27,5;24,3;11,4;32,4;31,5;29,6;29,3;30,4;9,2;11,1;8,6;5,4;3,0;42,6;42,1;38,8;38,6;40,5;11,1;10,6;13,6;5,9;3,4;20,3;19,3;18,5;18,5;18,5;16,2;15,4;10,9;10,0;5,7;58,5;59,0;61,4;62,4;61,3;4,3;7,9;2,8;3,2;1,7;48,1;47,4;50,5;51,6;49,8;8,3;10,6;6,7;4,9;2,8;70,7;72,4;74,3;75,0;74,9;5,1;6,2;4,4;3,0;1,6;
1200000;"MAŁOPOLSKIE";4,7;3,3;3,1;2,8;3,3;24,3;42,8;30,4;26,8;12,4;5,4;3,8;3,1;3,2;4,0;23,5;39,2;40,1;31,9;13,5;3,9;2,7;3,0;2,4;2,5;36,6;76,7;32,6;29,1;16,5;30,2;31,3;29,8;31,4;31,6;5,6;7,3;5,0;4,4;2,5;43,5;46,5;44,1;44,7;45,0;5,0;8,1;6,0;4,7;2,6;14,0;12,8;13,2;16,2;16,4;22,4;14,0;15,8;11,6;5,4;65,1;65,4;67,2;65,8;65,2;2,9;2,7;2,7;2,2;1,3;51,1;49,7;52,8;52,1;51,1;4,3;7,3;7,3;5,3;2,3;82,1;84,5;83,8;81,4;81,0;3,8;2,4;2,6;2,0;1,2;
1400000;"MAZOWIECKIE";7,8;7,1;6,7;6,0;5,7;8,0;16,6;11,2;9,3;5,0;9,4;8,6;8,1;7,5;7,4;9,2;18,5;11,1;9,4;5,4;5,9;5,4;5,0;4,4;3,9;12,4;14,7;12,3;14,6;6,9;22,4;22,7;21,5;21,4;21,7;4,1;5,1;3,8;8,3;2,7;31,0;31,8;29,9;29,1;29,7;5,0;6,2;5,8;6,8;2,9;12,8;12,6;12,4;13,2;12,9;15,3;8,0;10,7;15,4;5,2;69,8;70,3;71,8;72,6;72,6;1,2;1,5;1,4;1,8;0,9;59,6;59,6;61,9;63,5;63,0;2,2;3,0;2,8;2,8;1,4;81,3;82,0;82,6;82,5;83,2;1,9;1,4;1,8;2,1;0,9;
1600000;"OPOLSKIE";9,7;9,7;8,9;8,8;7,2;18,4;14,4;33,1;14,1;10,5;10,7;10,8;9,6;10,4;9,6;19,3;20,2;31,0;14,8;11,1;8,3;8,4;7,9;6,9;0,0;23,4;16,0;42,8;25,2;0,0;35,9;36,3;37,8;39,1;39,2;5,8;9,3;6,7;6,1;2,8;49,6;50,2;53,1;53,5;53,7;4,5;7,0;6,6;6,8;3,2;18,8;19,5;19,5;21,3;21,8;24,4;21,1;12,2;9,2;6,1;54,4;53,9;53,3;52,0;53,6;5,2;4,8;3,3;3,9;2,2;39,7;39,0;37,3;36,1;37,1;5,0;6,5;6,4;8,3;4,3;72,9;72,1;72,6;71,8;73,9;6,7;4,2;3,9;3,4;2,1;
1800000;"PODKARPACKIE";6,2;5,3;5,6;4,8;3,9;40,2;25,1;20,7;25,1;12,1;7,2;5,9;6,6;5,6;4,8;35,7;22,8;19,2;20,8;12,6;4,7;4,5;4,1;3,6;2,7;51,2;39,6;37,3;49,4;19,4;35,7;34,9;33,9;35,3;35,1;4,8;6,8;8,2;7,4;3,1;49,1;48,2;47,4;49,0;48,7;4,0;5,7;6,3;8,3;3,0;17,3;17,6;17,0;17,8;18,3;12,4;15,5;18,7;11,0;6,7;58,1;59,8;60,5;59,9;61,1;4,8;5,8;3,7;4,6;1,8;43,6;45,8;46,1;45,3;46,5;5,7;7,4;5,9;8,8;3,2;78,0;77,8;78,8;78,6;79,0;3,8;5,2;3,2;2,8;1,6;
2000000;"PODLASKIE";19,7;19,7;22,4;20,4;18,0;6,9;10,2;6,8;9,2;7,2;23,1;23,6;26,5;24,2;21,6;7,7;9,6;7,0;8,2;7,7;15,2;15,5;17,0;15,7;13,6;8,2;14,3;11,5;18,0;9,3;25,0;24,4;24,1;25,3;24,7;5,5;5,4;6,8;7,4;4,7;35,4;34,3;32,6;35,5;34,6;5,2;5,2;8,6;6,5;4,9;12,6;12,4;13,9;13,0;13,2;9,3;13,0;10,4;16,6;8,7;55,3;55,9;53,5;54,3;57,1;2,7;4,3;4,4;2,9;2,3;41,5;42,1;40,9;40,3;44,2;4,6;5,9;6,7;5,5;3,9;72,2;72,1;69,1;71,3;73,2;2,3;4,4;3,6;3,7;2,1;
2200000;"POMORSKIE";5,4;4,9;5,1;3,7;3,3;23,6;28,7;31,4;23,4;12,3;6,3;5,9;6,7;5,1;4,4;27,3;31,5;28,9;24,2;12,9;4,3;3,8;3,1;2,1;2,1;23,2;32,5;41,5;32,0;18,0;31,8;30,6;29,2;30,1;31,5;5,7;5,4;10,6;7,4;3,0;44,2;42,3;40,1;41,6;43,6;5,8;6,6;14,2;5,9;3,1;16,8;16,7;16,5;16,8;17,3;15,3;13,6;12,8;16,2;6,2;62,8;64,5;65,7;66,2;65,2;3,2;3,1;3,4;4,8;1,5;49,5;51,8;53,2;53,3;52,0;6,0;6,0;7,6;6,1;2,6;78,9;79,6;80,4;81,1;80,4;2,9;2,7;3,0;4,4;1,4;
2400000;"ŚLĄSKIE";1,6;2,0;2,3;1,8;1,6;22,2;35,7;27,0;27,2;14,9;1,8;2,2;2,7;2,2;1,9;22,4;39,6;38,0;27,4;14,3;1,5;1,8;2,0;1,4;1,5;30,6;36,1;25,6;47,2;16,6;38,2;36,5;35,0;36,4;36,0;5,6;3,2;3,9;3,7;1,9;52,8;51,1;48,4;50,5;50,8;5,5;3,9;3,4;4,6;2,1;21,0;19,2;19,1;19,8;18,8;9,2;7,5;10,2;8,9;4,1;60,2;61,5;62,7;61,8;62,3;3,9;2,0;2,4;2,1;1,2;45,3;46,7;48,9;47,3;47,3;6,8;3,5;3,4;5,0;2,3;77,6;79,0;78,9;78,8;79,7;2,5;2,4;2,3;2,4;1,0;
2600000;"ŚWIĘTOKRZYSKIE";17,1;15,8;12,9;12,3;12,0;8,8;11,6;20,9;13,1;7,6;17,6;17,2;14,9;13,3;13,9;8,9;15,7;17,8;14,2;8,7;16,4;14,0;11,0;11,0;9,8;12,3;10,2;29,3;19,5;9,4;30,3;31,3;31,2;29,2;29,3;5,0;8,3;6,0;6,4;3,5;44,4;45,6;44,9;42,8;41,8;5,8;7,3;4,9;6,4;3,6;12,4;13,5;14,5;12,8;14,2;12,1;14,4;18,0;15,6;8,0;52,7;52,9;55,9;58,6;58,6;3,2;3,1;6,0;2,6;2,1;38,0;37,2;40,2;43,9;44,3;6,6;5,2;6,8;6,4;3,7;71,1;72,5;74,6;76,2;76,0;3,6;2,8;6,0;2,7;1,8;
2800000;"WARMIŃSKO-MAZURSKIE";11,3;10,6;8,5;7,9;7,7;18,1;20,1;19,4;20,6;9,4;13,0;12,1;10,1;9,3;9,4;15,8;19,7;21,4;18,5;9,6;9,4;8,3;6,6;6,3;6,1;28,4;23,7;23,5;26,9;13,5;32,8;30,5;30,8;32,7;31,1;6,4;5,9;7,0;6,5;3,4;46,4;41,6;40,8;44,9;44,0;6,7;5,4;10,7;5,6;3,5;15,4;16,6;18,6;18,0;15,7;13,1;14,7;15,9;15,5;7,7;55,9;58,9;60,6;59,3;61,1;4,8;4,2;3,3;4,6;1,9;40,6;46,3;49,1;45,8;46,9;8,5;7,2;6,7;5,4;3,2;75,2;75,1;74,8;75,8;78,2;4,8;3,5;4,7;4,8;1,9;
3000000;"WIELKOPOLSKIE";10,2;11,6;11,2;9,2;8,9;19,9;20,4;20,6;18,5;6,9;11,1;12,1;12,0;10,3;9,9;22,9;22,4;19,1;20,9;7,4;9,3;10,9;10,0;7,7;7,7;17,7;23,5;25,4;18,0;9,0;35,4;35,1;34,9;34,8;35,6;7,3;6,0;7,5;7,4;2,6;45,4;45,5;45,0;45,6;46,2;6,5;7,4;7,6;8,4;2,7;22,9;22,6;22,1;21,7;22,8;12,5;9,7;12,4;9,4;4,7;54,3;53,3;54,0;56,0;55,5;3,2;3,9;3,7;3,2;1,7;43,5;42,4;43,0;44,0;44,0;5,0;6,6;6,8;6,3;2,8;67,8;66,5;67,9;70,6;69,4;3,2;3,5;3,3;2,8;1,5;
3200000;"ZACHODNIOPOMORSKIE";5,3;4,7;4,7;4,5;4,2;20,6;17,0;24,2;26,0;12,1;6,9;6,0;5,9;6,9;5,8;18,3;18,7;37,5;28,7;13,6;3,0;3,3;3,0;0,0;0,0;41,6;28,4;38,0;0,0;0,0;30,3;30,9;30,1;27,6;27,8;7,0;7,9;11,7;6,4;3,9;41,7;41,9;40,9;38,6;39,6;8,1;6,3;10,3;7,9;4,1;16,7;17,5;17,3;14,0;13,4;10,5;18,7;20,4;12,0;8,2;64,5;64,4;65,1;67,9;68,1;3,7;3,4;5,5;3,4;1,6;51,4;52,1;53,2;54,5;54,6;7,2;4,9;9,0;7,6;2,9;80,2;79,2;79,8;84,1;84,8;2,2;3,6;3,5;2,2;1,4;
